{
  "05 - Admin Protected Route" : {
    "transaction" : "05 - Admin Protected Route",
    "sampleCount" : 100,
    "errorCount" : 0,
    "errorPct" : 0.0,
    "meanResTime" : 11.980000000000002,
    "medianResTime" : 10.0,
    "minResTime" : 7.0,
    "maxResTime" : 65.0,
    "pct1ResTime" : 17.0,
    "pct2ResTime" : 23.849999999999966,
    "pct3ResTime" : 64.65999999999983,
    "throughput" : 1.68827660723933,
    "receivedKBytesPerSec" : 0.45669201191923287,
    "sentKBytesPerSec" : 0.6347524353390059
  },
  "07 - Invalid Login" : {
    "transaction" : "07 - Invalid Login",
    "sampleCount" : 100,
    "errorCount" : 0,
    "errorPct" : 0.0,
    "meanResTime" : 9.419999999999998,
    "medianResTime" : 8.0,
    "minResTime" : 5.0,
    "maxResTime" : 54.0,
    "pct1ResTime" : 13.0,
    "pct2ResTime" : 16.94999999999999,
    "pct3ResTime" : 53.93999999999997,
    "throughput" : 1.6879346431706164,
    "receivedKBytesPerSec" : 0.5373698180406454,
    "sentKBytesPerSec" : 0.45989625531699413
  },
  "04 - Admin Login" : {
    "transaction" : "04 - Admin Login",
    "sampleCount" : 100,
    "errorCount" : 0,
    "errorPct" : 0.0,
    "meanResTime" : 90.71999999999998,
    "medianResTime" : 93.0,
    "minResTime" : 61.0,
    "maxResTime" : 139.0,
    "pct1ResTime" : 97.9,
    "pct2ResTime" : 102.84999999999997,
    "pct3ResTime" : 138.73999999999987,
    "throughput" : 1.6867673104495235,
    "receivedKBytesPerSec" : 1.0970576452728347,
    "sentKBytesPerSec" : 0.4546365016445982
  },
  "Total" : {
    "transaction" : "Total",
    "sampleCount" : 600,
    "errorCount" : 0,
    "errorPct" : 0.0,
    "meanResTime" : 43.69333333333332,
    "medianResTime" : 60.0,
    "minResTime" : 0.0,
    "maxResTime" : 139.0,
    "pct1ResTime" : 93.0,
    "pct2ResTime" : 96.0,
    "pct3ResTime" : 112.98000000000002,
    "throughput" : 9.290945973149165,
    "receivedKBytesPerSec" : 4.316297674166525,
    "sentKBytesPerSec" : 3.014294991405875
  },
  "02 - User Login" : {
    "transaction" : "02 - User Login",
    "sampleCount" : 100,
    "errorCount" : 0,
    "errorPct" : 0.0,
    "meanResTime" : 69.34,
    "medianResTime" : 68.0,
    "minResTime" : 60.0,
    "maxResTime" : 121.0,
    "pct1ResTime" : 78.80000000000001,
    "pct2ResTime" : 82.94999999999999,
    "pct3ResTime" : 120.74999999999987,
    "throughput" : 1.686397517622854,
    "receivedKBytesPerSec" : 1.0717187974299303,
    "sentKBytesPerSec" : 0.459213949037067
  },
  "01 - User Registration" : {
    "transaction" : "01 - User Registration",
    "sampleCount" : 100,
    "errorCount" : 0,
    "errorPct" : 0.0,
    "meanResTime" : 79.12999999999997,
    "medianResTime" : 76.0,
    "minResTime" : 66.0,
    "maxResTime" : 118.0,
    "pct1ResTime" : 90.50000000000003,
    "pct2ResTime" : 101.74999999999994,
    "pct3ResTime" : 117.99,
    "throughput" : 1.684409109284463,
    "receivedKBytesPerSec" : 1.0816406776377847,
    "sentKBytesPerSec" : 0.6423125673763643
  },
  "08 - Access Protected Route" : {
    "transaction" : "08 - Access Protected Route",
    "sampleCount" : 100,
    "errorCount" : 0,
    "errorPct" : 0.0,
    "meanResTime" : 1.5699999999999996,
    "medianResTime" : 1.0,
    "minResTime" : 0.0,
    "maxResTime" : 40.0,
    "pct1ResTime" : 2.0,
    "pct2ResTime" : 2.0,
    "pct3ResTime" : 39.639999999999816,
    "throughput" : 1.6884761502743773,
    "receivedKBytesPerSec" : 0.4567459898691431,
    "sentKBytesPerSec" : 0.6331785563528916
  }
}