{
  "08 - Checkout with Updated Cart" : {
    "transaction" : "08 - Checkout with Updated Cart",
    "sampleCount" : 25,
    "errorCount" : 24,
    "errorPct" : 96.0,
    "meanResTime" : 541.8400000000001,
    "medianResTime" : 468.0,
    "minResTime" : 386.0,
    "maxResTime" : 1284.0,
    "pct1ResTime" : 828.4000000000004,
    "pct2ResTime" : 1181.6999999999998,
    "pct3ResTime" : 1284.0,
    "throughput" : 1.965717880169838,
    "receivedKBytesPerSec" : 0.6515279770797295,
    "sentKBytesPerSec" : 1.213216504167322
  },
  "01 - User Login" : {
    "transaction" : "01 - User Login",
    "sampleCount" : 25,
    "errorCount" : 0,
    "errorPct" : 0.0,
    "meanResTime" : 84.92000000000002,
    "medianResTime" : 91.0,
    "minResTime" : 60.0,
    "maxResTime" : 149.0,
    "pct1ResTime" : 94.4,
    "pct2ResTime" : 132.79999999999995,
    "pct3ResTime" : 149.0,
    "throughput" : 2.601186140880241,
    "receivedKBytesPerSec" : 1.6917870799084382,
    "sentKBytesPerSec" : 0.7011009520341275
  },
  "02 - Get Products" : {
    "transaction" : "02 - Get Products",
    "sampleCount" : 25,
    "errorCount" : 0,
    "errorPct" : 0.0,
    "meanResTime" : 10.200000000000001,
    "medianResTime" : 9.0,
    "minResTime" : 6.0,
    "maxResTime" : 19.0,
    "pct1ResTime" : 15.0,
    "pct2ResTime" : 17.799999999999997,
    "pct3ResTime" : 19.0,
    "throughput" : 2.628535380086216,
    "receivedKBytesPerSec" : 5.346913278046473,
    "sentKBytesPerSec" : 0.5210866036694354
  },
  "07 - Final Cart Summary" : {
    "transaction" : "07 - Final Cart Summary",
    "sampleCount" : 25,
    "errorCount" : 0,
    "errorPct" : 0.0,
    "meanResTime" : 2.8800000000000003,
    "medianResTime" : 3.0,
    "minResTime" : 1.0,
    "maxResTime" : 4.0,
    "pct1ResTime" : 4.0,
    "pct2ResTime" : 4.0,
    "pct3ResTime" : 4.0,
    "throughput" : 2.0418163998693237,
    "receivedKBytesPerSec" : 0.6792229867690297,
    "sentKBytesPerSec" : 0.0
  },
  "Total" : {
    "transaction" : "Total",
    "sampleCount" : 225,
    "errorCount" : 24,
    "errorPct" : 10.666667,
    "meanResTime" : 73.56000000000002,
    "medianResTime" : 5.0,
    "minResTime" : 0.0,
    "maxResTime" : 1284.0,
    "pct1ResTime" : 410.0,
    "pct2ResTime" : 475.8999999999999,
    "pct3ResTime" : 893.3400000000017,
    "throughput" : 4.464905840096839,
    "receivedKBytesPerSec" : 2.3120228131883396,
    "sentKBytesPerSec" : 0.5382498251245212
  },
  "04 - Add Products to Cart" : {
    "transaction" : "04 - Add Products to Cart",
    "sampleCount" : 25,
    "errorCount" : 0,
    "errorPct" : 0.0,
    "meanResTime" : 6.28,
    "medianResTime" : 5.0,
    "minResTime" : 1.0,
    "maxResTime" : 22.0,
    "pct1ResTime" : 10.400000000000002,
    "pct2ResTime" : 18.699999999999992,
    "pct3ResTime" : 22.0,
    "throughput" : 2.2200515051949203,
    "receivedKBytesPerSec" : 0.44583143703933936,
    "sentKBytesPerSec" : 0.0
  },
  "03 - Initialize Cart" : {
    "transaction" : "03 - Initialize Cart",
    "sampleCount" : 25,
    "errorCount" : 0,
    "errorPct" : 0.0,
    "meanResTime" : 3.16,
    "medianResTime" : 3.0,
    "minResTime" : 1.0,
    "maxResTime" : 8.0,
    "pct1ResTime" : 6.0,
    "pct2ResTime" : 7.399999999999999,
    "pct3ResTime" : 8.0,
    "throughput" : 2.1006638097638852,
    "receivedKBytesPerSec" : 0.15927298651373833,
    "sentKBytesPerSec" : 0.0
  },
  "06 - Remove Item Completely from Cart" : {
    "transaction" : "06 - Remove Item Completely from Cart",
    "sampleCount" : 25,
    "errorCount" : 0,
    "errorPct" : 0.0,
    "meanResTime" : 5.48,
    "medianResTime" : 5.0,
    "minResTime" : 2.0,
    "maxResTime" : 24.0,
    "pct1ResTime" : 7.400000000000002,
    "pct2ResTime" : 19.19999999999999,
    "pct3ResTime" : 24.0,
    "throughput" : 2.0654329147389294,
    "receivedKBytesPerSec" : 0.7072494113516193,
    "sentKBytesPerSec" : 0.0
  },
  "05 - Reduce Item Quantity in Cart" : {
    "transaction" : "05 - Reduce Item Quantity in Cart",
    "sampleCount" : 25,
    "errorCount" : 0,
    "errorPct" : 0.0,
    "meanResTime" : 4.4799999999999995,
    "medianResTime" : 3.0,
    "minResTime" : 1.0,
    "maxResTime" : 19.0,
    "pct1ResTime" : 10.60000000000002,
    "pct2ResTime" : 18.099999999999998,
    "pct3ResTime" : 19.0,
    "throughput" : 2.0498524106264346,
    "receivedKBytesPerSec" : 0.29154346199573633,
    "sentKBytesPerSec" : 0.0
  },
  "09 - Cart Operations Summary" : {
    "transaction" : "09 - Cart Operations Summary",
    "sampleCount" : 25,
    "errorCount" : 0,
    "errorPct" : 0.0,
    "meanResTime" : 2.8,
    "medianResTime" : 3.0,
    "minResTime" : 0.0,
    "maxResTime" : 5.0,
    "pct1ResTime" : 4.400000000000002,
    "pct2ResTime" : 5.0,
    "pct3ResTime" : 5.0,
    "throughput" : 2.1712697585548026,
    "receivedKBytesPerSec" : 1.1951313346795207,
    "sentKBytesPerSec" : 0.0
  }
}