{
  "01 - User Login" : {
    "transaction" : "01 - User Login",
    "sampleCount" : 60,
    "errorCount" : 0,
    "errorPct" : 0.0,
    "meanResTime" : 90.98333333333328,
    "medianResTime" : 94.0,
    "minResTime" : 63.0,
    "maxResTime" : 110.0,
    "pct1ResTime" : 100.0,
    "pct2ResTime" : 100.94999999999999,
    "pct3ResTime" : 110.0,
    "throughput" : 0.6075149600558915,
    "receivedKBytesPerSec" : 0.3951220345676012,
    "sentKBytesPerSec" : 0.16374426657756447
  },
  "02 - Get Products" : {
    "transaction" : "02 - Get Products",
    "sampleCount" : 60,
    "errorCount" : 0,
    "errorPct" : 0.0,
    "meanResTime" : 14.7,
    "medianResTime" : 13.5,
    "minResTime" : 8.0,
    "maxResTime" : 31.0,
    "pct1ResTime" : 23.699999999999996,
    "pct2ResTime" : 27.849999999999987,
    "pct3ResTime" : 31.0,
    "throughput" : 0.6081307075600783,
    "receivedKBytesPerSec" : 1.2370471326637138,
    "sentKBytesPerSec" : 0.1205571617526327
  },
  "07 - Final Cart Summary" : {
    "transaction" : "07 - Final Cart Summary",
    "sampleCount" : 60,
    "errorCount" : 0,
    "errorPct" : 0.0,
    "meanResTime" : 2.0333333333333337,
    "medianResTime" : 2.0,
    "minResTime" : 0.0,
    "maxResTime" : 4.0,
    "pct1ResTime" : 3.0,
    "pct2ResTime" : 3.0,
    "pct3ResTime" : 4.0,
    "throughput" : 0.5999940000599994,
    "receivedKBytesPerSec" : 0.2242360388896111,
    "sentKBytesPerSec" : 0.0
  },
  "Total" : {
    "transaction" : "Total",
    "sampleCount" : 480,
    "errorCount" : 0,
    "errorPct" : 0.0,
    "meanResTime" : 15.356249999999982,
    "medianResTime" : 3.0,
    "minResTime" : 0.0,
    "maxResTime" : 110.0,
    "pct1ResTime" : 86.90000000000003,
    "pct2ResTime" : 95.0,
    "pct3ResTime" : 100.0,
    "throughput" : 3.457615397913905,
    "receivedKBytesPerSec" : 1.9323309100011523,
    "sentKBytesPerSec" : 0.2021725800293897
  },
  "04 - Add Products to Cart" : {
    "transaction" : "04 - Add Products to Cart",
    "sampleCount" : 60,
    "errorCount" : 0,
    "errorPct" : 0.0,
    "meanResTime" : 4.583333333333334,
    "medianResTime" : 4.0,
    "minResTime" : 1.0,
    "maxResTime" : 27.0,
    "pct1ResTime" : 7.899999999999999,
    "pct2ResTime" : 10.0,
    "pct3ResTime" : 27.0,
    "throughput" : 0.6070969635033543,
    "receivedKBytesPerSec" : 0.13914614974046605,
    "sentKBytesPerSec" : 0.0
  },
  "03 - Initialize Cart" : {
    "transaction" : "03 - Initialize Cart",
    "sampleCount" : 60,
    "errorCount" : 0,
    "errorPct" : 0.0,
    "meanResTime" : 2.066666666666666,
    "medianResTime" : 2.0,
    "minResTime" : 0.0,
    "maxResTime" : 20.0,
    "pct1ResTime" : 3.0,
    "pct2ResTime" : 4.949999999999996,
    "pct3ResTime" : 20.0,
    "throughput" : 0.6013771536819316,
    "receivedKBytesPerSec" : 0.04563184066512313,
    "sentKBytesPerSec" : 0.0
  },
  "06 - Remove Item Completely from Cart" : {
    "transaction" : "06 - Remove Item Completely from Cart",
    "sampleCount" : 60,
    "errorCount" : 0,
    "errorPct" : 0.0,
    "meanResTime" : 3.033333333333333,
    "medianResTime" : 3.0,
    "minResTime" : 1.0,
    "maxResTime" : 13.0,
    "pct1ResTime" : 4.0,
    "pct2ResTime" : 6.849999999999987,
    "pct3ResTime" : 13.0,
    "throughput" : 0.608562474009311,
    "receivedKBytesPerSec" : 0.22565544080208533,
    "sentKBytesPerSec" : 0.0
  },
  "05 - Reduce Item Quantity in Cart" : {
    "transaction" : "05 - Reduce Item Quantity in Cart",
    "sampleCount" : 60,
    "errorCount" : 0,
    "errorPct" : 0.0,
    "meanResTime" : 2.766666666666668,
    "medianResTime" : 2.0,
    "minResTime" : 1.0,
    "maxResTime" : 10.0,
    "pct1ResTime" : 4.899999999999999,
    "pct2ResTime" : 6.0,
    "pct3ResTime" : 10.0,
    "throughput" : 0.6052780243725284,
    "receivedKBytesPerSec" : 0.09321518012065208,
    "sentKBytesPerSec" : 0.0
  },
  "08 - Complete Cart Management Summary" : {
    "transaction" : "08 - Complete Cart Management Summary",
    "sampleCount" : 60,
    "errorCount" : 0,
    "errorPct" : 0.0,
    "meanResTime" : 2.683333333333333,
    "medianResTime" : 3.0,
    "minResTime" : 0.0,
    "maxResTime" : 8.0,
    "pct1ResTime" : 4.899999999999999,
    "pct2ResTime" : 5.0,
    "pct3ResTime" : 8.0,
    "throughput" : 0.599970001499925,
    "receivedKBytesPerSec" : 0.34961142567871606,
    "sentKBytesPerSec" : 0.0
  }
}