{
  "03 - Checkout" : {
    "transaction" : "03 - Checkout",
    "sampleCount" : 1,
    "errorCount" : 0,
    "errorPct" : 0.0,
    "meanResTime" : 995.0,
    "medianResTime" : 995.0,
    "minResTime" : 995.0,
    "maxResTime" : 995.0,
    "pct1ResTime" : 995.0,
    "pct2ResTime" : 995.0,
    "pct3ResTime" : 995.0,
    "throughput" : 1.0050251256281408,
    "receivedKBytesPerSec" : 0.27186714824120606,
    "sentKBytesPerSec" : 0.5466787060301508
  },
  "01 - User Login" : {
    "transaction" : "01 - User Login",
    "sampleCount" : 1,
    "errorCount" : 0,
    "errorPct" : 0.0,
    "meanResTime" : 90.0,
    "medianResTime" : 90.0,
    "minResTime" : 90.0,
    "maxResTime" : 90.0,
    "pct1ResTime" : 90.0,
    "pct2ResTime" : 90.0,
    "pct3ResTime" : 90.0,
    "throughput" : 11.11111111111111,
    "receivedKBytesPerSec" : 6.966145833333334,
    "sentKBytesPerSec" : 2.994791666666667
  },
  "02 - Get Products" : {
    "transaction" : "02 - Get Products",
    "sampleCount" : 1,
    "errorCount" : 0,
    "errorPct" : 0.0,
    "meanResTime" : 23.0,
    "medianResTime" : 23.0,
    "minResTime" : 23.0,
    "maxResTime" : 23.0,
    "pct1ResTime" : 23.0,
    "pct2ResTime" : 23.0,
    "pct3ResTime" : 23.0,
    "throughput" : 43.47826086956522,
    "receivedKBytesPerSec" : 88.44259510869566,
    "sentKBytesPerSec" : 8.619225543478262
  },
  "Total" : {
    "transaction" : "Total",
    "sampleCount" : 3,
    "errorCount" : 0,
    "errorPct" : 0.0,
    "meanResTime" : 369.3333333333333,
    "medianResTime" : 90.0,
    "minResTime" : 23.0,
    "maxResTime" : 995.0,
    "pct1ResTime" : 995.0,
    "pct2ResTime" : 995.0,
    "pct3ResTime" : 995.0,
    "throughput" : 0.9569377990430622,
    "receivedKBytesPerSec" : 0.9351325757575758,
    "sentKBytesPerSec" : 0.3227173046251994
  }
}