{
  "12 - Verify Product Cleanup" : {
    "transaction" : "12 - Verify Product Cleanup",
    "sampleCount" : 50,
    "errorCount" : 0,
    "errorPct" : 0.0,
    "meanResTime" : 24.14,
    "medianResTime" : 22.5,
    "minResTime" : 14.0,
    "maxResTime" : 48.0,
    "pct1ResTime" : 37.49999999999999,
    "pct2ResTime" : 41.24999999999998,
    "pct3ResTime" : 48.0,
    "throughput" : 0.6491061807890535,
    "receivedKBytesPerSec" : 2.9186831217788107,
    "sentKBytesPerSec" : 0.2649671714549066
  },
  "01 - Admin Login for Products" : {
    "transaction" : "01 - Admin Login for Products",
    "sampleCount" : 50,
    "errorCount" : 0,
    "errorPct" : 0.0,
    "meanResTime" : 87.96,
    "medianResTime" : 92.0,
    "minResTime" : 62.0,
    "maxResTime" : 121.0,
    "pct1ResTime" : 98.0,
    "pct2ResTime" : 104.24999999999997,
    "pct3ResTime" : 121.0,
    "throughput" : 0.6521115371573154,
    "receivedKBytesPerSec" : 0.40884336606933247,
    "sentKBytesPerSec" : 0.263646656624149
  },
  "02 - Generate Random Product Data" : {
    "transaction" : "02 - Generate Random Product Data",
    "sampleCount" : 50,
    "errorCount" : 0,
    "errorPct" : 0.0,
    "meanResTime" : 4.600000000000001,
    "medianResTime" : 4.0,
    "minResTime" : 1.0,
    "maxResTime" : 36.0,
    "pct1ResTime" : 6.0,
    "pct2ResTime" : 9.449999999999996,
    "pct3ResTime" : 36.0,
    "throughput" : 0.6645224741500757,
    "receivedKBytesPerSec" : 0.0,
    "sentKBytesPerSec" : 0.0
  },
  "09 - Product Edit Complete" : {
    "transaction" : "09 - Product Edit Complete",
    "sampleCount" : 50,
    "errorCount" : 0,
    "errorPct" : 0.0,
    "meanResTime" : 2.6200000000000006,
    "medianResTime" : 2.0,
    "minResTime" : 0.0,
    "maxResTime" : 39.0,
    "pct1ResTime" : 3.0,
    "pct2ResTime" : 4.449999999999996,
    "pct3ResTime" : 39.0,
    "throughput" : 0.6601705880799599,
    "receivedKBytesPerSec" : 0.11148115047928385,
    "sentKBytesPerSec" : 0.0
  },
  "10 - Delete Product" : {
    "transaction" : "10 - Delete Product",
    "sampleCount" : 50,
    "errorCount" : 0,
    "errorPct" : 0.0,
    "meanResTime" : 16.140000000000004,
    "medianResTime" : 15.0,
    "minResTime" : 10.0,
    "maxResTime" : 31.0,
    "pct1ResTime" : 24.0,
    "pct2ResTime" : 25.89999999999999,
    "pct3ResTime" : 31.0,
    "throughput" : 0.6502711630750023,
    "receivedKBytesPerSec" : 0.2057498601916999,
    "sentKBytesPerSec" : 0.29719424249912213
  },
  "13 - Product Cleanup Verification Results" : {
    "transaction" : "13 - Product Cleanup Verification Results",
    "sampleCount" : 50,
    "errorCount" : 0,
    "errorPct" : 0.0,
    "meanResTime" : 2.8400000000000003,
    "medianResTime" : 2.0,
    "minResTime" : 1.0,
    "maxResTime" : 16.0,
    "pct1ResTime" : 4.0,
    "pct2ResTime" : 5.0,
    "pct3ResTime" : 16.0,
    "throughput" : 0.659108884787767,
    "receivedKBytesPerSec" : 0.19842781933825468,
    "sentKBytesPerSec" : 0.0
  },
  "08 - Edit Product" : {
    "transaction" : "08 - Edit Product",
    "sampleCount" : 50,
    "errorCount" : 0,
    "errorPct" : 0.0,
    "meanResTime" : 44.64,
    "medianResTime" : 44.0,
    "minResTime" : 30.0,
    "maxResTime" : 70.0,
    "pct1ResTime" : 56.9,
    "pct2ResTime" : 59.79999999999998,
    "pct3ResTime" : 70.0,
    "throughput" : 0.6732465294141409,
    "receivedKBytesPerSec" : 0.49033912269244756,
    "sentKBytesPerSec" : 1.1339996229819436
  },
  "Total" : {
    "transaction" : "Total",
    "sampleCount" : 650,
    "errorCount" : 0,
    "errorPct" : 0.0,
    "meanResTime" : 20.130769230769257,
    "medianResTime" : 12.0,
    "minResTime" : 0.0,
    "maxResTime" : 121.0,
    "pct1ResTime" : 50.799999999999955,
    "pct2ResTime" : 89.0,
    "pct3ResTime" : 98.0,
    "throughput" : 4.978706455467385,
    "receivedKBytesPerSec" : 3.7600528580647383,
    "sentKBytesPerSec" : 2.082574359853243
  },
  "05 - Verify Created Product" : {
    "transaction" : "05 - Verify Created Product",
    "sampleCount" : 50,
    "errorCount" : 0,
    "errorPct" : 0.0,
    "meanResTime" : 22.399999999999995,
    "medianResTime" : 22.0,
    "minResTime" : 13.0,
    "maxResTime" : 40.0,
    "pct1ResTime" : 32.0,
    "pct2ResTime" : 37.449999999999996,
    "pct3ResTime" : 40.0,
    "throughput" : 0.6776353237741577,
    "receivedKBytesPerSec" : 0.5033824590708265,
    "sentKBytesPerSec" : 0.29953598921204566
  },
  "11 - Complete Product CRUD Operations" : {
    "transaction" : "11 - Complete Product CRUD Operations",
    "sampleCount" : 50,
    "errorCount" : 0,
    "errorPct" : 0.0,
    "meanResTime" : 2.22,
    "medianResTime" : 2.0,
    "minResTime" : 0.0,
    "maxResTime" : 5.0,
    "pct1ResTime" : 4.0,
    "pct2ResTime" : 4.0,
    "pct3ResTime" : 5.0,
    "throughput" : 0.6439896446465141,
    "receivedKBytesPerSec" : 0.18084537325639802,
    "sentKBytesPerSec" : 0.0
  },
  "02 - Get Categories for Product" : {
    "transaction" : "02 - Get Categories for Product",
    "sampleCount" : 50,
    "errorCount" : 0,
    "errorPct" : 0.0,
    "meanResTime" : 12.539999999999997,
    "medianResTime" : 12.0,
    "minResTime" : 7.0,
    "maxResTime" : 24.0,
    "pct1ResTime" : 17.9,
    "pct2ResTime" : 21.799999999999983,
    "pct3ResTime" : 24.0,
    "throughput" : 0.6596480118208924,
    "receivedKBytesPerSec" : 0.8741624531649912,
    "sentKBytesPerSec" : 0.2705587548484129
  },
  "04 - Create New Product" : {
    "transaction" : "04 - Create New Product",
    "sampleCount" : 50,
    "errorCount" : 0,
    "errorPct" : 0.0,
    "meanResTime" : 34.28,
    "medianResTime" : 33.0,
    "minResTime" : 21.0,
    "maxResTime" : 60.0,
    "pct1ResTime" : 45.0,
    "pct2ResTime" : 46.89999999999999,
    "pct3ResTime" : 60.0,
    "throughput" : 0.6659563132658498,
    "receivedKBytesPerSec" : 0.4647906816062866,
    "sentKBytesPerSec" : 1.0866794169552478
  },
  "06 - Product Creation Complete" : {
    "transaction" : "06 - Product Creation Complete",
    "sampleCount" : 50,
    "errorCount" : 0,
    "errorPct" : 0.0,
    "meanResTime" : 2.24,
    "medianResTime" : 2.0,
    "minResTime" : 0.0,
    "maxResTime" : 11.0,
    "pct1ResTime" : 4.0,
    "pct2ResTime" : 5.0,
    "pct3ResTime" : 11.0,
    "throughput" : 0.6830414469550012,
    "receivedKBytesPerSec" : 0.09090321131936287,
    "sentKBytesPerSec" : 0.0
  },
  "07 - Generate Updated Product Data" : {
    "transaction" : "07 - Generate Updated Product Data",
    "sampleCount" : 50,
    "errorCount" : 0,
    "errorPct" : 0.0,
    "meanResTime" : 5.08,
    "medianResTime" : 2.5,
    "minResTime" : 0.0,
    "maxResTime" : 69.0,
    "pct1ResTime" : 7.899999999999999,
    "pct2ResTime" : 21.699999999999974,
    "pct3ResTime" : 69.0,
    "throughput" : 0.6756939376739912,
    "receivedKBytesPerSec" : 0.0,
    "sentKBytesPerSec" : 0.0
  }
}