{
  "06 - Process Braintree Payment" : {
    "transaction" : "06 - Process Braintree Payment",
    "sampleCount" : 30,
    "errorCount" : 19,
    "errorPct" : 63.333332,
    "meanResTime" : 434.40000000000003,
    "medianResTime" : 400.0,
    "minResTime" : 321.0,
    "maxResTime" : 607.0,
    "pct1ResTime" : 567.4000000000001,
    "pct2ResTime" : 602.05,
    "pct3ResTime" : 607.0,
    "throughput" : 0.13133528585124965,
    "receivedKBytesPerSec" : 0.04267541742731686,
    "sentKBytesPerSec" : 0.14800443557566445
  },
  "00 - Setup User Credentials" : {
    "transaction" : "00 - Setup User Credentials",
    "sampleCount" : 30,
    "errorCount" : 0,
    "errorPct" : 0.0,
    "meanResTime" : 5.566666666666666,
    "medianResTime" : 4.0,
    "minResTime" : 1.0,
    "maxResTime" : 25.0,
    "pct1ResTime" : 10.800000000000004,
    "pct2ResTime" : 17.29999999999999,
    "pct3ResTime" : 25.0,
    "throughput" : 0.13616990372787807,
    "receivedKBytesPerSec" : 0.015425496906673688,
    "sentKBytesPerSec" : 0.0
  },
  "01 - User Login" : {
    "transaction" : "01 - User Login",
    "sampleCount" : 30,
    "errorCount" : 0,
    "errorPct" : 0.0,
    "meanResTime" : 90.3,
    "medianResTime" : 94.0,
    "minResTime" : 60.0,
    "maxResTime" : 106.0,
    "pct1ResTime" : 101.60000000000001,
    "pct2ResTime" : 106.0,
    "pct3ResTime" : 106.0,
    "throughput" : 0.13672222146265434,
    "receivedKBytesPerSec" : 0.0868132699170096,
    "sentKBytesPerSec" : 0.037064539724641445
  },
  "02 - Get Products for Cart" : {
    "transaction" : "02 - Get Products for Cart",
    "sampleCount" : 30,
    "errorCount" : 0,
    "errorPct" : 0.0,
    "meanResTime" : 15.066666666666668,
    "medianResTime" : 14.0,
    "minResTime" : 9.0,
    "maxResTime" : 24.0,
    "pct1ResTime" : 19.800000000000004,
    "pct2ResTime" : 22.349999999999998,
    "pct3ResTime" : 24.0,
    "throughput" : 0.1348090429906038,
    "receivedKBytesPerSec" : 0.2742258169428005,
    "sentKBytesPerSec" : 0.02672483957723884
  },
  "05 - Generate Payment Nonce (User-Specific Card)" : {
    "transaction" : "05 - Generate Payment Nonce (User-Specific Card)",
    "sampleCount" : 30,
    "errorCount" : 0,
    "errorPct" : 0.0,
    "meanResTime" : 3112.133333333333,
    "medianResTime" : 3112.5,
    "minResTime" : 1014.0,
    "maxResTime" : 5215.0,
    "pct1ResTime" : 4912.6,
    "pct2ResTime" : 5214.45,
    "pct3ResTime" : 5215.0,
    "throughput" : 0.1308181366264619,
    "receivedKBytesPerSec" : 0.11387820995002748,
    "sentKBytesPerSec" : 0.0
  },
  "Total" : {
    "transaction" : "Total",
    "sampleCount" : 240,
    "errorCount" : 19,
    "errorPct" : 7.9166665,
    "meanResTime" : 522.6458333333335,
    "medianResTime" : 42.5,
    "minResTime" : 1.0,
    "maxResTime" : 5215.0,
    "pct1ResTime" : 1879.9000000000017,
    "pct2ResTime" : 3693.1499999999965,
    "pct3ResTime" : 5090.590000000001,
    "throughput" : 0.9002047965912244,
    "receivedKBytesPerSec" : 0.8249093465638433,
    "sentKBytesPerSec" : 0.20203693019849517
  },
  "04 - Get Braintree Token" : {
    "transaction" : "04 - Get Braintree Token",
    "sampleCount" : 30,
    "errorCount" : 0,
    "errorPct" : 0.0,
    "meanResTime" : 513.1666666666667,
    "medianResTime" : 448.5,
    "minResTime" : 272.0,
    "maxResTime" : 1083.0,
    "pct1ResTime" : 966.3000000000002,
    "pct2ResTime" : 1076.95,
    "pct3ResTime" : 1083.0,
    "throughput" : 0.13244039078744643,
    "receivedKBytesPerSec" : 0.3456297568173691,
    "sentKBytesPerSec" : 0.026384609102186592
  },
  "03 - Create Payment Cart" : {
    "transaction" : "03 - Create Payment Cart",
    "sampleCount" : 30,
    "errorCount" : 0,
    "errorPct" : 0.0,
    "meanResTime" : 6.0666666666666655,
    "medianResTime" : 5.0,
    "minResTime" : 1.0,
    "maxResTime" : 24.0,
    "pct1ResTime" : 10.700000000000006,
    "pct2ResTime" : 17.39999999999999,
    "pct3ResTime" : 24.0,
    "throughput" : 0.1341843603655182,
    "receivedKBytesPerSec" : 0.014322607996046033,
    "sentKBytesPerSec" : 0.0
  },
  "07 - Payment Load Test Summary" : {
    "transaction" : "07 - Payment Load Test Summary",
    "sampleCount" : 30,
    "errorCount" : 0,
    "errorPct" : 0.0,
    "meanResTime" : 4.466666666666667,
    "medianResTime" : 4.5,
    "minResTime" : 1.0,
    "maxResTime" : 9.0,
    "pct1ResTime" : 6.0,
    "pct2ResTime" : 7.899999999999999,
    "pct3ResTime" : 9.0,
    "throughput" : 0.13224656048737266,
    "receivedKBytesPerSec" : 0.08418234018003165,
    "sentKBytesPerSec" : 0.0
  }
}