{
  "05 - Admin Protected Route" : {
    "transaction" : "05 - Admin Protected Route",
    "sampleCount" : 3,
    "errorCount" : 0,
    "errorPct" : 0.0,
    "meanResTime" : 11.0,
    "medianResTime" : 10.0,
    "minResTime" : 8.0,
    "maxResTime" : 15.0,
    "pct1ResTime" : 15.0,
    "pct2ResTime" : 15.0,
    "pct3ResTime" : 15.0,
    "throughput" : 0.9177118384827164,
    "receivedKBytesPerSec" : 0.24824822193331292,
    "sentKBytesPerSec" : 0.34503814239828695
  },
  "07 - Invalid Login" : {
    "transaction" : "07 - Invalid Login",
    "sampleCount" : 3,
    "errorCount" : 0,
    "errorPct" : 0.0,
    "meanResTime" : 12.0,
    "medianResTime" : 12.0,
    "minResTime" : 10.0,
    "maxResTime" : 14.0,
    "pct1ResTime" : 14.0,
    "pct2ResTime" : 14.0,
    "pct3ResTime" : 14.0,
    "throughput" : 0.916310323762981,
    "receivedKBytesPerSec" : 0.2917159819792303,
    "sentKBytesPerSec" : 0.24965876985339033
  },
  "04 - Admin Login" : {
    "transaction" : "04 - Admin Login",
    "sampleCount" : 3,
    "errorCount" : 0,
    "errorPct" : 0.0,
    "meanResTime" : 92.0,
    "medianResTime" : 93.0,
    "minResTime" : 89.0,
    "maxResTime" : 94.0,
    "pct1ResTime" : 94.0,
    "pct2ResTime" : 94.0,
    "pct3ResTime" : 94.0,
    "throughput" : 0.8949880668257757,
    "receivedKBytesPerSec" : 0.5611155653341289,
    "sentKBytesPerSec" : 0.24122725238663487
  },
  "Total" : {
    "transaction" : "Total",
    "sampleCount" : 18,
    "errorCount" : 0,
    "errorPct" : 0.0,
    "meanResTime" : 51.44444444444444,
    "medianResTime" : 51.5,
    "minResTime" : 2.0,
    "maxResTime" : 102.0,
    "pct1ResTime" : 99.30000000000001,
    "pct2ResTime" : 102.0,
    "pct3ResTime" : 102.0,
    "throughput" : 2.083815698078259,
    "receivedKBytesPerSec" : 0.9577954966427414,
    "sentKBytesPerSec" : 0.6752729581500347
  },
  "02 - User Login" : {
    "transaction" : "02 - User Login",
    "sampleCount" : 3,
    "errorCount" : 0,
    "errorPct" : 0.0,
    "meanResTime" : 90.66666666666667,
    "medianResTime" : 91.0,
    "minResTime" : 88.0,
    "maxResTime" : 93.0,
    "pct1ResTime" : 93.0,
    "pct2ResTime" : 93.0,
    "pct3ResTime" : 93.0,
    "throughput" : 0.8936550491510277,
    "receivedKBytesPerSec" : 0.5655160857908846,
    "sentKBytesPerSec" : 0.24348609249329758
  },
  "01 - User Registration" : {
    "transaction" : "01 - User Registration",
    "sampleCount" : 3,
    "errorCount" : 0,
    "errorPct" : 0.0,
    "meanResTime" : 96.66666666666667,
    "medianResTime" : 99.0,
    "minResTime" : 89.0,
    "maxResTime" : 102.0,
    "pct1ResTime" : 102.0,
    "pct2ResTime" : 102.0,
    "pct3ResTime" : 102.0,
    "throughput" : 0.8873114463176576,
    "receivedKBytesPerSec" : 0.5667008651286602,
    "sentKBytesPerSec" : 0.33620785270629994
  },
  "08 - Access Protected Route" : {
    "transaction" : "08 - Access Protected Route",
    "sampleCount" : 3,
    "errorCount" : 0,
    "errorPct" : 0.0,
    "meanResTime" : 6.333333333333334,
    "medianResTime" : 3.0,
    "minResTime" : 2.0,
    "maxResTime" : 14.0,
    "pct1ResTime" : 14.0,
    "pct2ResTime" : 14.0,
    "pct3ResTime" : 14.0,
    "throughput" : 0.91324200913242,
    "receivedKBytesPerSec" : 0.24703909817351596,
    "sentKBytesPerSec" : 0.3424657534246575
  }
}