{
  "06 - Process Braintree Payment" : {
    "transaction" : "06 - Process Braintree Payment",
    "sampleCount" : 30,
    "errorCount" : 19,
    "errorPct" : 63.333332,
    "meanResTime" : 458.59999999999997,
    "medianResTime" : 392.5,
    "minResTime" : 307.0,
    "maxResTime" : 759.0,
    "pct1ResTime" : 682.5000000000001,
    "pct2ResTime" : 743.05,
    "pct3ResTime" : 759.0,
    "throughput" : 0.13882590306249942,
    "receivedKBytesPerSec" : 0.04510938035058168,
    "sentKBytesPerSec" : 0.15644576621486547
  },
  "00 - Setup User Credentials" : {
    "transaction" : "00 - Setup User Credentials",
    "sampleCount" : 30,
    "errorCount" : 0,
    "errorPct" : 0.0,
    "meanResTime" : 5.666666666666668,
    "medianResTime" : 4.0,
    "minResTime" : 1.0,
    "maxResTime" : 23.0,
    "pct1ResTime" : 14.800000000000004,
    "pct2ResTime" : 19.149999999999995,
    "pct3ResTime" : 23.0,
    "throughput" : 0.1398477524135391,
    "receivedKBytesPerSec" : 0.015842128203096228,
    "sentKBytesPerSec" : 0.0
  },
  "01 - User Login" : {
    "transaction" : "01 - User Login",
    "sampleCount" : 30,
    "errorCount" : 0,
    "errorPct" : 0.0,
    "meanResTime" : 91.23333333333333,
    "medianResTime" : 92.0,
    "minResTime" : 62.0,
    "maxResTime" : 138.0,
    "pct1ResTime" : 102.80000000000001,
    "pct2ResTime" : 125.89999999999998,
    "pct3ResTime" : 138.0,
    "throughput" : 0.1405817271871002,
    "receivedKBytesPerSec" : 0.08926390529009039,
    "sentKBytesPerSec" : 0.03811082760462795
  },
  "02 - Get Products for Cart" : {
    "transaction" : "02 - Get Products for Cart",
    "sampleCount" : 30,
    "errorCount" : 0,
    "errorPct" : 0.0,
    "meanResTime" : 14.933333333333334,
    "medianResTime" : 13.5,
    "minResTime" : 8.0,
    "maxResTime" : 31.0,
    "pct1ResTime" : 26.50000000000001,
    "pct2ResTime" : 29.9,
    "pct3ResTime" : 31.0,
    "throughput" : 0.1420541984118341,
    "receivedKBytesPerSec" : 0.2889637649334476,
    "sentKBytesPerSec" : 0.02816113503672101
  },
  "05 - Generate Payment Nonce (User-Specific Card)" : {
    "transaction" : "05 - Generate Payment Nonce (User-Specific Card)",
    "sampleCount" : 30,
    "errorCount" : 0,
    "errorPct" : 0.0,
    "meanResTime" : 3111.4,
    "medianResTime" : 3112.0,
    "minResTime" : 1009.0,
    "maxResTime" : 5210.0,
    "pct1ResTime" : 4910.9,
    "pct2ResTime" : 5208.35,
    "pct3ResTime" : 5210.0,
    "throughput" : 0.1388631734863914,
    "receivedKBytesPerSec" : 0.12088147738844658,
    "sentKBytesPerSec" : 0.0
  },
  "Total" : {
    "transaction" : "Total",
    "sampleCount" : 240,
    "errorCount" : 19,
    "errorPct" : 7.9166665,
    "meanResTime" : 534.2916666666667,
    "medianResTime" : 46.5,
    "minResTime" : 1.0,
    "maxResTime" : 5210.0,
    "pct1ResTime" : 1880.9000000000017,
    "pct2ResTime" : 3694.1499999999965,
    "pct3ResTime" : 5085.640000000001,
    "throughput" : 0.9231763420676072,
    "receivedKBytesPerSec" : 0.8460308646219593,
    "sentKBytesPerSec" : 0.2071925353980429
  },
  "04 - Get Braintree Token" : {
    "transaction" : "04 - Get Braintree Token",
    "sampleCount" : 30,
    "errorCount" : 0,
    "errorPct" : 0.0,
    "meanResTime" : 583.3,
    "medianResTime" : 460.0,
    "minResTime" : 273.0,
    "maxResTime" : 1080.0,
    "pct1ResTime" : 1022.7,
    "pct2ResTime" : 1060.75,
    "pct3ResTime" : 1080.0,
    "throughput" : 0.14241497825798,
    "receivedKBytesPerSec" : 0.3717531610191216,
    "sentKBytesPerSec" : 0.028371733949831952
  },
  "03 - Create Payment Cart" : {
    "transaction" : "03 - Create Payment Cart",
    "sampleCount" : 30,
    "errorCount" : 0,
    "errorPct" : 0.0,
    "meanResTime" : 4.6,
    "medianResTime" : 5.0,
    "minResTime" : 1.0,
    "maxResTime" : 10.0,
    "pct1ResTime" : 6.900000000000002,
    "pct2ResTime" : 9.45,
    "pct3ResTime" : 10.0,
    "throughput" : 0.142454877417578,
    "receivedKBytesPerSec" : 0.015200751568190776,
    "sentKBytesPerSec" : 0.0
  },
  "07 - Payment Load Test Summary" : {
    "transaction" : "07 - Payment Load Test Summary",
    "sampleCount" : 30,
    "errorCount" : 0,
    "errorPct" : 0.0,
    "meanResTime" : 4.6,
    "medianResTime" : 5.0,
    "minResTime" : 1.0,
    "maxResTime" : 10.0,
    "pct1ResTime" : 7.0,
    "pct2ResTime" : 8.349999999999998,
    "pct3ResTime" : 10.0,
    "throughput" : 0.1378974318901601,
    "receivedKBytesPerSec" : 0.08777943621784116,
    "sentKBytesPerSec" : 0.0
  }
}