{
  "08 - Search for NUS T-Shirt in Clothing" : {
    "transaction" : "08 - Search for NUS T-Shirt in Clothing",
    "sampleCount" : 90,
    "errorCount" : 0,
    "errorPct" : 0.0,
    "meanResTime" : 11.677777777777777,
    "medianResTime" : 10.0,
    "minResTime" : 6.0,
    "maxResTime" : 30.0,
    "pct1ResTime" : 17.900000000000006,
    "pct2ResTime" : 24.0,
    "pct3ResTime" : 30.0,
    "throughput" : 0.8814973701995122,
    "receivedKBytesPerSec" : 0.4794863625011019,
    "sentKBytesPerSec" : 0.1902450379043869
  },
  "01 - User Login" : {
    "transaction" : "01 - User Login",
    "sampleCount" : 90,
    "errorCount" : 0,
    "errorPct" : 0.0,
    "meanResTime" : 86.91111111111114,
    "medianResTime" : 88.0,
    "minResTime" : 59.0,
    "maxResTime" : 112.0,
    "pct1ResTime" : 98.9,
    "pct2ResTime" : 101.45,
    "pct3ResTime" : 112.0,
    "throughput" : 0.891981090000892,
    "receivedKBytesPerSec" : 0.5644567835161894,
    "sentKBytesPerSec" : 0.2621936602444028
  },
  "04 - Filter Products by Category" : {
    "transaction" : "04 - Filter Products by Category",
    "sampleCount" : 90,
    "errorCount" : 0,
    "errorPct" : 0.0,
    "meanResTime" : 67.04444444444441,
    "medianResTime" : 68.0,
    "minResTime" : 30.0,
    "maxResTime" : 101.0,
    "pct1ResTime" : 83.0,
    "pct2ResTime" : 85.9,
    "pct3ResTime" : 101.0,
    "throughput" : 0.8931672703815808,
    "receivedKBytesPerSec" : 1200.6819704262393,
    "sentKBytesPerSec" : 0.2703924353694239
  },
  "Total" : {
    "transaction" : "Total",
    "sampleCount" : 810,
    "errorCount" : 0,
    "errorPct" : 0.0,
    "meanResTime" : 27.346913580246948,
    "medianResTime" : 13.0,
    "minResTime" : 5.0,
    "maxResTime" : 112.0,
    "pct1ResTime" : 81.89999999999998,
    "pct2ResTime" : 90.0,
    "pct3ResTime" : 99.88999999999999,
    "throughput" : 6.190199614832024,
    "receivedKBytesPerSec" : 940.504266329995,
    "sentKBytesPerSec" : 1.5529681195167058
  },
  "02 - Get All Categories" : {
    "transaction" : "02 - Get All Categories",
    "sampleCount" : 90,
    "errorCount" : 0,
    "errorPct" : 0.0,
    "meanResTime" : 12.366666666666664,
    "medianResTime" : 11.0,
    "minResTime" : 6.0,
    "maxResTime" : 37.0,
    "pct1ResTime" : 20.900000000000006,
    "pct2ResTime" : 28.35000000000001,
    "pct3ResTime" : 37.0,
    "throughput" : 0.8820243438718909,
    "receivedKBytesPerSec" : 1.168854526009918,
    "sentKBytesPerSec" : 0.19294282522197614
  },
  "03 - View Category 1 Products" : {
    "transaction" : "03 - View Category 1 Products",
    "sampleCount" : 90,
    "errorCount" : 0,
    "errorPct" : 0.0,
    "meanResTime" : 11.511111111111108,
    "medianResTime" : 10.0,
    "minResTime" : 6.0,
    "maxResTime" : 28.0,
    "pct1ResTime" : 17.0,
    "pct2ResTime" : 22.0,
    "pct3ResTime" : 28.0,
    "throughput" : 0.8885729518393459,
    "receivedKBytesPerSec" : 0.3687924848942598,
    "sentKBytesPerSec" : 0.2073915385640661
  },
  "06 - Browse Random Category Dropdown (3 Users: Electronics/Clothing/Book)" : {
    "transaction" : "06 - Browse Random Category Dropdown (3 Users: Electronics/Clothing/Book)",
    "sampleCount" : 90,
    "errorCount" : 0,
    "errorPct" : 0.0,
    "meanResTime" : 11.044444444444444,
    "medianResTime" : 10.0,
    "minResTime" : 5.0,
    "maxResTime" : 41.0,
    "pct1ResTime" : 13.0,
    "pct2ResTime" : 22.250000000000014,
    "pct3ResTime" : 41.0,
    "throughput" : 0.8813937773599319,
    "receivedKBytesPerSec" : 0.30249136050474484,
    "sentKBytesPerSec" : 0.20835552119752035
  },
  "05 - View Category 2 Products" : {
    "transaction" : "05 - View Category 2 Products",
    "sampleCount" : 90,
    "errorCount" : 0,
    "errorPct" : 0.0,
    "meanResTime" : 11.788888888888891,
    "medianResTime" : 10.0,
    "minResTime" : 6.0,
    "maxResTime" : 54.0,
    "pct1ResTime" : 15.0,
    "pct2ResTime" : 24.450000000000003,
    "pct3ResTime" : 54.0,
    "throughput" : 0.8897676717745922,
    "receivedKBytesPerSec" : 0.3571235479485912,
    "sentKBytesPerSec" : 0.20158798813643103
  },
  "07 - Get Products in Clothing Category" : {
    "transaction" : "07 - Get Products in Clothing Category",
    "sampleCount" : 90,
    "errorCount" : 0,
    "errorPct" : 0.0,
    "meanResTime" : 13.188888888888888,
    "medianResTime" : 13.0,
    "minResTime" : 8.0,
    "maxResTime" : 32.0,
    "pct1ResTime" : 17.900000000000006,
    "pct2ResTime" : 19.900000000000006,
    "pct3ResTime" : 32.0,
    "throughput" : 0.8759550343082388,
    "receivedKBytesPerSec" : 16.46607271035087,
    "sentKBytesPerSec" : 0.26518169983940826
  },
  "09 - View NUS T-Shirt Product Details" : {
    "transaction" : "09 - View NUS T-Shirt Product Details",
    "sampleCount" : 90,
    "errorCount" : 0,
    "errorPct" : 0.0,
    "meanResTime" : 20.588888888888892,
    "medianResTime" : 19.0,
    "minResTime" : 11.0,
    "maxResTime" : 66.0,
    "pct1ResTime" : 30.900000000000006,
    "pct2ResTime" : 33.80000000000001,
    "pct3ResTime" : 66.0,
    "throughput" : 0.891565787648842,
    "receivedKBytesPerSec" : 0.5824780390010501,
    "sentKBytesPerSec" : 0.20286604347869158
  }
}