{
  "08 - Search for NUS T-Shirt in Clothing" : {
    "transaction" : "08 - Search for NUS T-Shirt in Clothing",
    "sampleCount" : 9,
    "errorCount" : 0,
    "errorPct" : 0.0,
    "meanResTime" : 12.222222222222221,
    "medianResTime" : 12.0,
    "minResTime" : 8.0,
    "maxResTime" : 20.0,
    "pct1ResTime" : 20.0,
    "pct2ResTime" : 20.0,
    "pct3ResTime" : 20.0,
    "throughput" : 0.10199571617992044,
    "receivedKBytesPerSec" : 0.05548009171114813,
    "sentKBytesPerSec" : 0.022012747339611734
  },
  "01 - User Login" : {
    "transaction" : "01 - User Login",
    "sampleCount" : 9,
    "errorCount" : 0,
    "errorPct" : 0.0,
    "meanResTime" : 90.88888888888889,
    "medianResTime" : 91.0,
    "minResTime" : 76.0,
    "maxResTime" : 110.0,
    "pct1ResTime" : 110.0,
    "pct2ResTime" : 110.0,
    "pct3ResTime" : 110.0,
    "throughput" : 0.10403662089055347,
    "receivedKBytesPerSec" : 0.06583567415730338,
    "sentKBytesPerSec" : 0.03058107703911777
  },
  "04 - Filter Products by Category" : {
    "transaction" : "04 - Filter Products by Category",
    "sampleCount" : 9,
    "errorCount" : 0,
    "errorPct" : 0.0,
    "meanResTime" : 94.88888888888889,
    "medianResTime" : 86.0,
    "minResTime" : 84.0,
    "maxResTime" : 157.0,
    "pct1ResTime" : 157.0,
    "pct2ResTime" : 157.0,
    "pct3ResTime" : 157.0,
    "throughput" : 0.10411605469563406,
    "receivedKBytesPerSec" : 139.96288696466996,
    "sentKBytesPerSec" : 0.031519508745748596
  },
  "Total" : {
    "transaction" : "Total",
    "sampleCount" : 81,
    "errorCount" : 0,
    "errorPct" : 0.0,
    "meanResTime" : 30.469135802469133,
    "medianResTime" : 13.0,
    "minResTime" : 6.0,
    "maxResTime" : 157.0,
    "pct1ResTime" : 89.8,
    "pct2ResTime" : 95.0,
    "pct3ResTime" : 157.0,
    "throughput" : 0.6871278057718735,
    "receivedKBytesPerSec" : 104.40333905144551,
    "sentKBytesPerSec" : 0.17190621500738026
  },
  "02 - Get All Categories" : {
    "transaction" : "02 - Get All Categories",
    "sampleCount" : 9,
    "errorCount" : 0,
    "errorPct" : 0.0,
    "meanResTime" : 11.666666666666666,
    "medianResTime" : 12.0,
    "minResTime" : 8.0,
    "maxResTime" : 16.0,
    "pct1ResTime" : 16.0,
    "pct2ResTime" : 16.0,
    "pct3ResTime" : 16.0,
    "throughput" : 0.10356016845787402,
    "receivedKBytesPerSec" : 0.137237449802085,
    "sentKBytesPerSec" : 0.02265378685015994
  },
  "03 - View Category 1 Products" : {
    "transaction" : "03 - View Category 1 Products",
    "sampleCount" : 9,
    "errorCount" : 0,
    "errorPct" : 0.0,
    "meanResTime" : 9.000000000000002,
    "medianResTime" : 9.0,
    "minResTime" : 6.0,
    "maxResTime" : 11.0,
    "pct1ResTime" : 11.0,
    "pct2ResTime" : 11.0,
    "pct3ResTime" : 11.0,
    "throughput" : 0.10432000741831164,
    "receivedKBytesPerSec" : 0.04329687807888911,
    "sentKBytesPerSec" : 0.024348126731422347
  },
  "06 - Browse Random Category Dropdown (3 Users: Electronics/Clothing/Book)" : {
    "transaction" : "06 - Browse Random Category Dropdown (3 Users: Electronics/Clothing/Book)",
    "sampleCount" : 9,
    "errorCount" : 0,
    "errorPct" : 0.0,
    "meanResTime" : 13.0,
    "medianResTime" : 9.0,
    "minResTime" : 8.0,
    "maxResTime" : 38.0,
    "pct1ResTime" : 38.0,
    "pct2ResTime" : 38.0,
    "pct3ResTime" : 38.0,
    "throughput" : 0.10480959590078025,
    "receivedKBytesPerSec" : 0.042817722283684634,
    "sentKBytesPerSec" : 0.024121218848258994
  },
  "05 - View Category 2 Products" : {
    "transaction" : "05 - View Category 2 Products",
    "sampleCount" : 9,
    "errorCount" : 0,
    "errorPct" : 0.0,
    "meanResTime" : 11.333333333333334,
    "medianResTime" : 9.0,
    "minResTime" : 7.0,
    "maxResTime" : 22.0,
    "pct1ResTime" : 22.0,
    "pct2ResTime" : 22.0,
    "pct3ResTime" : 22.0,
    "throughput" : 0.1069887424067712,
    "receivedKBytesPerSec" : 0.04294177063396774,
    "sentKBytesPerSec" : 0.0242396369515341
  },
  "07 - Get Products in Clothing Category" : {
    "transaction" : "07 - Get Products in Clothing Category",
    "sampleCount" : 9,
    "errorCount" : 0,
    "errorPct" : 0.0,
    "meanResTime" : 12.88888888888889,
    "medianResTime" : 13.0,
    "minResTime" : 10.0,
    "maxResTime" : 18.0,
    "pct1ResTime" : 18.0,
    "pct2ResTime" : 18.0,
    "pct3ResTime" : 18.0,
    "throughput" : 0.10354825348612454,
    "receivedKBytesPerSec" : 1.9464846985882922,
    "sentKBytesPerSec" : 0.03134761580146348
  },
  "09 - View NUS T-Shirt Product Details" : {
    "transaction" : "09 - View NUS T-Shirt Product Details",
    "sampleCount" : 9,
    "errorCount" : 0,
    "errorPct" : 0.0,
    "meanResTime" : 18.333333333333332,
    "medianResTime" : 18.0,
    "minResTime" : 14.0,
    "maxResTime" : 28.0,
    "pct1ResTime" : 28.0,
    "pct2ResTime" : 28.0,
    "pct3ResTime" : 28.0,
    "throughput" : 0.10313649542188556,
    "receivedKBytesPerSec" : 0.0673811674191811,
    "sentKBytesPerSec" : 0.023467581477831383
  }
}