{
  "07b - Test Product Photo Fallback" : {
    "transaction" : "07b - Test Product Photo Fallback",
    "sampleCount" : 150,
    "errorCount" : 0,
    "errorPct" : 0.0,
    "meanResTime" : 10.820000000000007,
    "medianResTime" : 10.0,
    "minResTime" : 5.0,
    "maxResTime" : 37.0,
    "pct1ResTime" : 14.0,
    "pct2ResTime" : 21.0,
    "pct3ResTime" : 34.450000000000045,
    "throughput" : 0.5548137490244525,
    "receivedKBytesPerSec" : 2.983749331911777,
    "sentKBytesPerSec" : 0.12299093850444406
  },
  "08 - Search Products" : {
    "transaction" : "08 - Search Products",
    "sampleCount" : 150,
    "errorCount" : 0,
    "errorPct" : 0.0,
    "meanResTime" : 10.639999999999999,
    "medianResTime" : 10.0,
    "minResTime" : 5.0,
    "maxResTime" : 25.0,
    "pct1ResTime" : 15.900000000000006,
    "pct2ResTime" : 21.0,
    "pct3ResTime" : 23.980000000000018,
    "throughput" : 0.5523275081192144,
    "receivedKBytesPerSec" : 0.8079947335572102,
    "sentKBytesPerSec" : 0.10787646642953407
  },
  "02 - Get Product Count" : {
    "transaction" : "02 - Get Product Count",
    "sampleCount" : 150,
    "errorCount" : 0,
    "errorPct" : 0.0,
    "meanResTime" : 10.153333333333329,
    "medianResTime" : 9.0,
    "minResTime" : 4.0,
    "maxResTime" : 43.0,
    "pct1ResTime" : 17.0,
    "pct2ResTime" : 21.799999999999955,
    "pct3ResTime" : 39.430000000000064,
    "throughput" : 0.5639097744360902,
    "receivedKBytesPerSec" : 0.16190378289473684,
    "sentKBytesPerSec" : 0.11124001409774437
  },
  "Cart Action: Add Novel" : {
    "transaction" : "Cart Action: Add Novel",
    "sampleCount" : 150,
    "errorCount" : 0,
    "errorPct" : 0.0,
    "meanResTime" : 0.04000000000000001,
    "medianResTime" : 0.0,
    "minResTime" : 0.0,
    "maxResTime" : 1.0,
    "pct1ResTime" : 0.0,
    "pct2ResTime" : 0.0,
    "pct3ResTime" : 1.0,
    "throughput" : 0.548666739822232,
    "receivedKBytesPerSec" : 0.0,
    "sentKBytesPerSec" : 0.0
  },
  "09b - Get Product Details (T-Shirt)" : {
    "transaction" : "09b - Get Product Details (T-Shirt)",
    "sampleCount" : 150,
    "errorCount" : 0,
    "errorPct" : 0.0,
    "meanResTime" : 15.84,
    "medianResTime" : 15.0,
    "minResTime" : 9.0,
    "maxResTime" : 46.0,
    "pct1ResTime" : 24.80000000000001,
    "pct2ResTime" : 28.0,
    "pct3ResTime" : 39.37000000000012,
    "throughput" : 0.5495814021653508,
    "receivedKBytesPerSec" : 0.3402681728250316,
    "sentKBytesPerSec" : 0.12397783584003517
  },
  "Cart Action: Add Third Product" : {
    "transaction" : "Cart Action: Add Third Product",
    "sampleCount" : 150,
    "errorCount" : 0,
    "errorPct" : 0.0,
    "meanResTime" : 0.020000000000000004,
    "medianResTime" : 0.0,
    "minResTime" : 0.0,
    "maxResTime" : 1.0,
    "pct1ResTime" : 0.0,
    "pct2ResTime" : 0.0,
    "pct3ResTime" : 1.0,
    "throughput" : 0.5565449688334817,
    "receivedKBytesPerSec" : 0.0,
    "sentKBytesPerSec" : 0.0
  },
  "07 - Load Product Photo" : {
    "transaction" : "07 - Load Product Photo",
    "sampleCount" : 150,
    "errorCount" : 0,
    "errorPct" : 0.0,
    "meanResTime" : 15.76,
    "medianResTime" : 15.0,
    "minResTime" : 7.0,
    "maxResTime" : 40.0,
    "pct1ResTime" : 21.0,
    "pct2ResTime" : 27.899999999999977,
    "pct3ResTime" : 38.98000000000002,
    "throughput" : 0.5589423320564607,
    "receivedKBytesPerSec" : 18.597386909663744,
    "sentKBytesPerSec" : 0.12390616150079743
  },
  "04 - Load More (Page 2)" : {
    "transaction" : "04 - Load More (Page 2)",
    "sampleCount" : 150,
    "errorCount" : 0,
    "errorPct" : 0.0,
    "meanResTime" : 10.506666666666666,
    "medianResTime" : 9.5,
    "minResTime" : 5.0,
    "maxResTime" : 66.0,
    "pct1ResTime" : 13.0,
    "pct2ResTime" : 18.899999999999977,
    "pct3ResTime" : 54.27000000000021,
    "throughput" : 0.5595678643905933,
    "receivedKBytesPerSec" : 0.7765097024404619,
    "sentKBytesPerSec" : 0.11092995749149456
  },
  "Get Third Product Details" : {
    "transaction" : "Get Third Product Details",
    "sampleCount" : 150,
    "errorCount" : 0,
    "errorPct" : 0.0,
    "meanResTime" : 15.786666666666669,
    "medianResTime" : 15.0,
    "minResTime" : 9.0,
    "maxResTime" : 32.0,
    "pct1ResTime" : 23.0,
    "pct2ResTime" : 27.0,
    "pct3ResTime" : 30.980000000000018,
    "throughput" : 0.5582454716988154,
    "receivedKBytesPerSec" : 0.35871632849396534,
    "sentKBytesPerSec" : 0.12593232808830698
  },
  "Cart Action: Add T-Shirt" : {
    "transaction" : "Cart Action: Add T-Shirt",
    "sampleCount" : 150,
    "errorCount" : 0,
    "errorPct" : 0.0,
    "meanResTime" : 0.05333333333333334,
    "medianResTime" : 0.0,
    "minResTime" : 0.0,
    "maxResTime" : 1.0,
    "pct1ResTime" : 0.0,
    "pct2ResTime" : 1.0,
    "pct3ResTime" : 1.0,
    "throughput" : 0.553113661169946,
    "receivedKBytesPerSec" : 0.0,
    "sentKBytesPerSec" : 0.0
  },
  "03 - Get Products Page 1" : {
    "transaction" : "03 - Get Products Page 1",
    "sampleCount" : 150,
    "errorCount" : 0,
    "errorPct" : 0.0,
    "meanResTime" : 12.386666666666668,
    "medianResTime" : 10.5,
    "minResTime" : 5.0,
    "maxResTime" : 60.0,
    "pct1ResTime" : 22.0,
    "pct2ResTime" : 26.349999999999966,
    "pct3ResTime" : 52.350000000000136,
    "throughput" : 0.5589631606012953,
    "receivedKBytesPerSec" : 1.1370315073559552,
    "sentKBytesPerSec" : 0.1108100796895146
  },
  "09a - Get Product Details (Novel)" : {
    "transaction" : "09a - Get Product Details (Novel)",
    "sampleCount" : 150,
    "errorCount" : 0,
    "errorPct" : 0.0,
    "meanResTime" : 16.213333333333335,
    "medianResTime" : 15.0,
    "minResTime" : 9.0,
    "maxResTime" : 37.0,
    "pct1ResTime" : 25.0,
    "pct2ResTime" : 27.0,
    "pct3ResTime" : 33.430000000000064,
    "throughput" : 0.548648678305334,
    "receivedKBytesPerSec" : 0.3262959424686996,
    "sentKBytesPerSec" : 0.12376742645364468
  },
  "01 - Get Categories" : {
    "transaction" : "01 - Get Categories",
    "sampleCount" : 150,
    "errorCount" : 0,
    "errorPct" : 0.0,
    "meanResTime" : 10.833333333333325,
    "medianResTime" : 10.0,
    "minResTime" : 5.0,
    "maxResTime" : 30.0,
    "pct1ResTime" : 17.0,
    "pct2ResTime" : 22.899999999999977,
    "pct3ResTime" : 28.470000000000027,
    "throughput" : 0.5663326562511798,
    "receivedKBytesPerSec" : 0.7505013813797373,
    "sentKBytesPerSec" : 0.11171796539329915
  },
  "05 - Filter by Category" : {
    "transaction" : "05 - Filter by Category",
    "sampleCount" : 150,
    "errorCount" : 0,
    "errorPct" : 0.0,
    "meanResTime" : 72.62000000000002,
    "medianResTime" : 71.5,
    "minResTime" : 47.0,
    "maxResTime" : 146.0,
    "pct1ResTime" : 88.0,
    "pct2ResTime" : 93.44999999999999,
    "pct3ResTime" : 126.62000000000035,
    "throughput" : 0.5619050829933807,
    "receivedKBytesPerSec" : 755.3672471146174,
    "sentKBytesPerSec" : 0.15803580459188832
  },
  "Total" : {
    "transaction" : "Total",
    "sampleCount" : 2250,
    "errorCount" : 0,
    "errorPct" : 0.0,
    "meanResTime" : 14.269333333333327,
    "medianResTime" : 10.0,
    "minResTime" : 0.0,
    "maxResTime" : 146.0,
    "pct1ResTime" : 25.0,
    "pct2ResTime" : 64.44999999999982,
    "pct3ResTime" : 85.0,
    "throughput" : 6.183068285806149,
    "receivedKBytesPerSec" : 585.1176262187515,
    "sentKBytesPerSec" : 1.0928358505291333
  },
  "06 - Filter by Price Range" : {
    "transaction" : "06 - Filter by Price Range",
    "sampleCount" : 150,
    "errorCount" : 0,
    "errorPct" : 0.0,
    "meanResTime" : 12.366666666666665,
    "medianResTime" : 10.0,
    "minResTime" : 5.0,
    "maxResTime" : 71.0,
    "pct1ResTime" : 22.900000000000006,
    "pct2ResTime" : 29.799999999999955,
    "pct3ResTime" : 56.210000000000264,
    "throughput" : 0.5609007317884881,
    "receivedKBytesPerSec" : 15.807796672082473,
    "sentKBytesPerSec" : 0.14779880350525562
  }
}