{
  "07b - Test Product Photo Fallback" : {
    "transaction" : "07b - Test Product Photo Fallback",
    "sampleCount" : 600,
    "errorCount" : 0,
    "errorPct" : 0.0,
    "meanResTime" : 17.17666666666667,
    "medianResTime" : 11.0,
    "minResTime" : 7.0,
    "maxResTime" : 124.0,
    "pct1ResTime" : 35.0,
    "pct2ResTime" : 57.0,
    "pct3ResTime" : 93.99000000000001,
    "throughput" : 2.432291096598441,
    "receivedKBytesPerSec" : 13.080690497038685,
    "sentKBytesPerSec" : 0.5391895302029747
  },
  "08 - Search Products" : {
    "transaction" : "08 - Search Products",
    "sampleCount" : 600,
    "errorCount" : 0,
    "errorPct" : 0.0,
    "meanResTime" : 16.213333333333324,
    "medianResTime" : 10.0,
    "minResTime" : 6.0,
    "maxResTime" : 124.0,
    "pct1ResTime" : 30.0,
    "pct2ResTime" : 53.0,
    "pct3ResTime" : 90.0,
    "throughput" : 2.4258694720499405,
    "receivedKBytesPerSec" : 3.5487817081355577,
    "sentKBytesPerSec" : 0.473802631259754
  },
  "02 - Get Product Count" : {
    "transaction" : "02 - Get Product Count",
    "sampleCount" : 600,
    "errorCount" : 0,
    "errorPct" : 0.0,
    "meanResTime" : 11.139999999999997,
    "medianResTime" : 9.0,
    "minResTime" : 5.0,
    "maxResTime" : 62.0,
    "pct1ResTime" : 18.0,
    "pct2ResTime" : 23.0,
    "pct3ResTime" : 32.98000000000002,
    "throughput" : 2.425810625050538,
    "receivedKBytesPerSec" : 0.6964729724266192,
    "sentKBytesPerSec" : 0.478529049082235
  },
  "Cart Action: Add Novel" : {
    "transaction" : "Cart Action: Add Novel",
    "sampleCount" : 600,
    "errorCount" : 0,
    "errorPct" : 0.0,
    "meanResTime" : 0.009999999999999997,
    "medianResTime" : 0.0,
    "minResTime" : 0.0,
    "maxResTime" : 1.0,
    "pct1ResTime" : 0.0,
    "pct2ResTime" : 0.0,
    "pct3ResTime" : 0.9900000000000091,
    "throughput" : 2.4270568295356636,
    "receivedKBytesPerSec" : 0.0,
    "sentKBytesPerSec" : 0.0
  },
  "09b - Get Product Details (T-Shirt)" : {
    "transaction" : "09b - Get Product Details (T-Shirt)",
    "sampleCount" : 600,
    "errorCount" : 0,
    "errorPct" : 0.0,
    "meanResTime" : 23.905000000000026,
    "medianResTime" : 18.0,
    "minResTime" : 11.0,
    "maxResTime" : 112.0,
    "pct1ResTime" : 35.89999999999998,
    "pct2ResTime" : 72.94999999999993,
    "pct3ResTime" : 104.97000000000003,
    "throughput" : 2.428648335768728,
    "receivedKBytesPerSec" : 1.5036748485130602,
    "sentKBytesPerSec" : 0.5478689116822033
  },
  "Cart Action: Add Third Product" : {
    "transaction" : "Cart Action: Add Third Product",
    "sampleCount" : 600,
    "errorCount" : 0,
    "errorPct" : 0.0,
    "meanResTime" : 0.006666666666666668,
    "medianResTime" : 0.0,
    "minResTime" : 0.0,
    "maxResTime" : 1.0,
    "pct1ResTime" : 0.0,
    "pct2ResTime" : 0.0,
    "pct3ResTime" : 0.0,
    "throughput" : 2.397113874894627,
    "receivedKBytesPerSec" : 0.0,
    "sentKBytesPerSec" : 0.0
  },
  "07 - Load Product Photo" : {
    "transaction" : "07 - Load Product Photo",
    "sampleCount" : 600,
    "errorCount" : 0,
    "errorPct" : 0.0,
    "meanResTime" : 17.740000000000006,
    "medianResTime" : 12.0,
    "minResTime" : 6.0,
    "maxResTime" : 101.0,
    "pct1ResTime" : 31.0,
    "pct2ResTime" : 48.849999999999795,
    "pct3ResTime" : 83.99000000000001,
    "throughput" : 2.426811412485136,
    "receivedKBytesPerSec" : 80.74598792459088,
    "sentKBytesPerSec" : 0.5379747955411385
  },
  "04 - Load More (Page 2)" : {
    "transaction" : "04 - Load More (Page 2)",
    "sampleCount" : 600,
    "errorCount" : 0,
    "errorPct" : 0.0,
    "meanResTime" : 13.169999999999995,
    "medianResTime" : 10.0,
    "minResTime" : 6.0,
    "maxResTime" : 133.0,
    "pct1ResTime" : 23.899999999999977,
    "pct2ResTime" : 30.0,
    "pct3ResTime" : 43.98000000000002,
    "throughput" : 2.4229697532609134,
    "receivedKBytesPerSec" : 3.3623437689294513,
    "sentKBytesPerSec" : 0.4803348241327787
  },
  "Get Third Product Details" : {
    "transaction" : "Get Third Product Details",
    "sampleCount" : 600,
    "errorCount" : 0,
    "errorPct" : 0.0,
    "meanResTime" : 22.813333333333333,
    "medianResTime" : 18.0,
    "minResTime" : 11.0,
    "maxResTime" : 129.0,
    "pct1ResTime" : 33.0,
    "pct2ResTime" : 53.0,
    "pct3ResTime" : 100.0,
    "throughput" : 2.4158187813804797,
    "receivedKBytesPerSec" : 1.5523523028792534,
    "sentKBytesPerSec" : 0.544974744627823
  },
  "Cart Action: Add T-Shirt" : {
    "transaction" : "Cart Action: Add T-Shirt",
    "sampleCount" : 600,
    "errorCount" : 0,
    "errorPct" : 0.0,
    "meanResTime" : 0.018333333333333326,
    "medianResTime" : 0.0,
    "minResTime" : 0.0,
    "maxResTime" : 1.0,
    "pct1ResTime" : 0.0,
    "pct2ResTime" : 0.0,
    "pct3ResTime" : 1.0,
    "throughput" : 2.4183894332504363,
    "receivedKBytesPerSec" : 0.0,
    "sentKBytesPerSec" : 0.0
  },
  "03 - Get Products Page 1" : {
    "transaction" : "03 - Get Products Page 1",
    "sampleCount" : 600,
    "errorCount" : 0,
    "errorPct" : 0.0,
    "meanResTime" : 13.153333333333341,
    "medianResTime" : 10.0,
    "minResTime" : 6.0,
    "maxResTime" : 67.0,
    "pct1ResTime" : 23.0,
    "pct2ResTime" : 31.0,
    "pct3ResTime" : 41.0,
    "throughput" : 2.4229306153436116,
    "receivedKBytesPerSec" : 4.928676241953852,
    "sentKBytesPerSec" : 0.4803270653464387
  },
  "09a - Get Product Details (Novel)" : {
    "transaction" : "09a - Get Product Details (Novel)",
    "sampleCount" : 600,
    "errorCount" : 0,
    "errorPct" : 0.0,
    "meanResTime" : 25.66500000000001,
    "medianResTime" : 18.0,
    "minResTime" : 11.0,
    "maxResTime" : 125.0,
    "pct1ResTime" : 51.0,
    "pct2ResTime" : 82.94999999999993,
    "pct3ResTime" : 102.99000000000001,
    "throughput" : 2.4177560000644736,
    "receivedKBytesPerSec" : 1.4379037148820941,
    "sentKBytesPerSec" : 0.5454117539207943
  },
  "01 - Get Categories" : {
    "transaction" : "01 - Get Categories",
    "sampleCount" : 600,
    "errorCount" : 0,
    "errorPct" : 0.0,
    "meanResTime" : 11.750000000000007,
    "medianResTime" : 10.0,
    "minResTime" : 6.0,
    "maxResTime" : 97.0,
    "pct1ResTime" : 19.0,
    "pct2ResTime" : 22.949999999999932,
    "pct3ResTime" : 33.99000000000001,
    "throughput" : 2.4421316553175383,
    "receivedKBytesPerSec" : 3.2363014221346673,
    "sentKBytesPerSec" : 0.4817486273184987
  },
  "05 - Filter by Category" : {
    "transaction" : "05 - Filter by Category",
    "sampleCount" : 600,
    "errorCount" : 0,
    "errorPct" : 0.0,
    "meanResTime" : 55.78166666666665,
    "medianResTime" : 52.0,
    "minResTime" : 28.0,
    "maxResTime" : 155.0,
    "pct1ResTime" : 78.0,
    "pct2ResTime" : 90.0,
    "pct3ResTime" : 122.97000000000003,
    "throughput" : 2.4267427046047443,
    "receivedKBytesPerSec" : 3262.262634229206,
    "sentKBytesPerSec" : 0.6825213856700844
  },
  "Total" : {
    "transaction" : "Total",
    "sampleCount" : 9000,
    "errorCount" : 0,
    "errorPct" : 0.0,
    "meanResTime" : 16.384111111111125,
    "medianResTime" : 11.0,
    "minResTime" : 0.0,
    "maxResTime" : 155.0,
    "pct1ResTime" : 39.0,
    "pct2ResTime" : 57.0,
    "pct3ResTime" : 93.0,
    "throughput" : 26.366981507956968,
    "receivedKBytesPerSec" : 2508.99007354099,
    "sentKBytesPerSec" : 4.660209487499121
  },
  "06 - Filter by Price Range" : {
    "transaction" : "06 - Filter by Price Range",
    "sampleCount" : 600,
    "errorCount" : 0,
    "errorPct" : 0.0,
    "meanResTime" : 17.21833333333333,
    "medianResTime" : 11.0,
    "minResTime" : 5.0,
    "maxResTime" : 127.0,
    "pct1ResTime" : 34.0,
    "pct2ResTime" : 49.0,
    "pct3ResTime" : 88.0,
    "throughput" : 2.4203014888887995,
    "receivedKBytesPerSec" : 87.24447462187833,
    "sentKBytesPerSec" : 0.6376690807493254
  }
}