{
  "07b - Test Product Photo Fallback" : {
    "transaction" : "07b - Test Product Photo Fallback",
    "sampleCount" : 150,
    "errorCount" : 0,
    "errorPct" : 0.0,
    "meanResTime" : 17.32,
    "medianResTime" : 10.0,
    "minResTime" : 6.0,
    "maxResTime" : 97.0,
    "pct1ResTime" : 39.200000000000045,
    "pct2ResTime" : 70.89999999999998,
    "pct3ResTime" : 96.49000000000001,
    "throughput" : 1.1978725783009376,
    "receivedKBytesPerSec" : 6.442074500686781,
    "sentKBytesPerSec" : 0.2655440188225711
  },
  "02 - Get Product Count" : {
    "transaction" : "02 - Get Product Count",
    "sampleCount" : 150,
    "errorCount" : 0,
    "errorPct" : 0.0,
    "meanResTime" : 15.666666666666668,
    "medianResTime" : 9.0,
    "minResTime" : 5.0,
    "maxResTime" : 92.0,
    "pct1ResTime" : 31.900000000000006,
    "pct2ResTime" : 71.69999999999993,
    "pct3ResTime" : 90.47000000000003,
    "throughput" : 1.2136707877532527,
    "receivedKBytesPerSec" : 0.348456261327594,
    "sentKBytesPerSec" : 0.23941552649038772
  },
  "03 - Get Products Page 1" : {
    "transaction" : "03 - Get Products Page 1",
    "sampleCount" : 150,
    "errorCount" : 0,
    "errorPct" : 0.0,
    "meanResTime" : 15.473333333333331,
    "medianResTime" : 10.0,
    "minResTime" : 5.0,
    "maxResTime" : 121.0,
    "pct1ResTime" : 27.700000000000017,
    "pct2ResTime" : 55.499999999999886,
    "pct3ResTime" : 109.27000000000021,
    "throughput" : 1.2199485994990078,
    "receivedKBytesPerSec" : 2.481594660894954,
    "sentKBytesPerSec" : 0.2418452790022447
  },
  "01 - Get Categories" : {
    "transaction" : "01 - Get Categories",
    "sampleCount" : 150,
    "errorCount" : 0,
    "errorPct" : 0.0,
    "meanResTime" : 16.84000000000001,
    "medianResTime" : 10.0,
    "minResTime" : 5.0,
    "maxResTime" : 292.0,
    "pct1ResTime" : 28.80000000000001,
    "pct2ResTime" : 57.69999999999993,
    "pct3ResTime" : 205.81000000000154,
    "throughput" : 1.198992846009352,
    "receivedKBytesPerSec" : 1.5888996992526276,
    "sentKBytesPerSec" : 0.2365200731385636
  },
  "05 - Filter by Category" : {
    "transaction" : "05 - Filter by Category",
    "sampleCount" : 150,
    "errorCount" : 0,
    "errorPct" : 0.0,
    "meanResTime" : 95.02666666666663,
    "medianResTime" : 81.0,
    "minResTime" : 51.0,
    "maxResTime" : 350.0,
    "pct1ResTime" : 147.80000000000007,
    "pct2ResTime" : 176.5999999999999,
    "pct3ResTime" : 348.98,
    "throughput" : 1.2322453975634402,
    "receivedKBytesPerSec" : 1656.503637177665,
    "sentKBytesPerSec" : 0.3465690180647175
  },
  "Total" : {
    "transaction" : "Total",
    "sampleCount" : 1350,
    "errorCount" : 0,
    "errorPct" : 0.0,
    "meanResTime" : 25.897037037036984,
    "medianResTime" : 11.0,
    "minResTime" : 5.0,
    "maxResTime" : 350.0,
    "pct1ResTime" : 77.0,
    "pct2ResTime" : 88.0,
    "pct3ResTime" : 165.47000000000003,
    "throughput" : 8.803046506168654,
    "receivedKBytesPerSec" : 1391.0132535774603,
    "sentKBytesPerSec" : 1.9312065349578758
  },
  "10 - Search Products" : {
    "transaction" : "10 - Search Products",
    "sampleCount" : 150,
    "errorCount" : 0,
    "errorPct" : 0.0,
    "meanResTime" : 18.433333333333344,
    "medianResTime" : 10.0,
    "minResTime" : 5.0,
    "maxResTime" : 117.0,
    "pct1ResTime" : 42.70000000000002,
    "pct2ResTime" : 73.44999999999999,
    "pct3ResTime" : 108.33000000000015,
    "throughput" : 1.1956287811760204,
    "receivedKBytesPerSec" : 1.749074134962577,
    "sentKBytesPerSec" : 0.2335212463234415
  },
  "07 - Load Product Photo" : {
    "transaction" : "07 - Load Product Photo",
    "sampleCount" : 150,
    "errorCount" : 0,
    "errorPct" : 0.0,
    "meanResTime" : 22.313333333333333,
    "medianResTime" : 15.0,
    "minResTime" : 9.0,
    "maxResTime" : 104.0,
    "pct1ResTime" : 42.80000000000001,
    "pct2ResTime" : 76.14999999999992,
    "pct3ResTime" : 98.90000000000009,
    "throughput" : 1.2066995961578684,
    "receivedKBytesPerSec" : 40.149865176459706,
    "sentKBytesPerSec" : 0.2675007893826525
  },
  "06 - Filter by Price Range" : {
    "transaction" : "06 - Filter by Price Range",
    "sampleCount" : 150,
    "errorCount" : 0,
    "errorPct" : 0.0,
    "meanResTime" : 17.293333333333322,
    "medianResTime" : 10.0,
    "minResTime" : 5.0,
    "maxResTime" : 227.0,
    "pct1ResTime" : 35.0,
    "pct2ResTime" : 46.799999999999955,
    "pct3ResTime" : 155.09000000000128,
    "throughput" : 1.2166436856192715,
    "receivedKBytesPerSec" : 39.77271575148025,
    "sentKBytesPerSec" : 0.32055709607429633
  },
  "04 - Load More (Page 2)" : {
    "transaction" : "04 - Load More (Page 2)",
    "sampleCount" : 150,
    "errorCount" : 0,
    "errorPct" : 0.0,
    "meanResTime" : 14.70666666666667,
    "medianResTime" : 9.0,
    "minResTime" : 5.0,
    "maxResTime" : 87.0,
    "pct1ResTime" : 27.900000000000006,
    "pct2ResTime" : 47.89999999999998,
    "pct3ResTime" : 79.35000000000014,
    "throughput" : 1.2360837570353767,
    "receivedKBytesPerSec" : 1.7153076354953811,
    "sentKBytesPerSec" : 0.2450439479279116
  }
}